Station Name,Abraham Moss,Altrincham,Anchorage,Ashton Moss,Ashton West,Ashton-under-Lyne,Audenshaw,Baguley,Barlow Moor  Road,Barton Road,Benchill,Besses o'th' Barn,Bowker Vale,Broadway,Brooklands,Burton Road,Bury,Cemetery Road,Central Park,Chorlton,Clayton Hall,Cornbrook,Crossacres,Crumpsall,Dane Road,Deansgate/Castlefield,Derker,Didsbury Village,Droylsden,East Didsbury,Eccles,Edge Lane,Etihad Campus,Exchange Quay,Exchange Square,Failsworth,Firswood,Freehold,Harbour City,Heaton Park,Hollinwood,Holt Town,Imperial War Museum,Kingsway,Ladywell,Langworthy,Manchester Airport,Market Street,Martinscroft,Media CityUK,Milnrow,Monsall,Moor Road,Navigation Road,New Islington,Newbold,Newhey,Newton Heath & Moston,Northern Moor,Old Trafford,Oldham Central,Oldham King Street,Oldham Mumps,Parkway,Peel Hall,Piccadilly Gardens,Piccadilly Station,Pomona,Prestwich,Queens Road,Radcliffe,Robinswood Road,Rochdale Station,Rochdale Town Centre,Roundthorn,S Water Park,Sale,Salford Quays,Shadowmoss,Shaw & Crompton,Shudehill,South Chadderton,St Werburgh's Road,St. Peter's Square,Stretford,Timperley,Trafford Bar,Trafford Centre,Velopark,Victoria,Village,Weaste,West Didsbury,Westwood,Wharfside,Whitefield,Withington,Wythenshawe Park,Wythenshawe Town Centre
Abraham Moss,0,156,52,81,86,94,78,132,89,86,138,48,19,56,120,90,98,63,26,79,47,50,142,8,102,41,99,104,69,110,72,57,36,57,29,48,72,71,55,31,59,34,62,134,67,52,163,32,135,59,136,19,125,146,34,132,137,34,112,68,88,85,94,68,152,34,37,55,40,11,81,150,124,130,136,99,110,55,159,121,28,62,82,36,85,136,61,88,42,26,68,57,96,81,60,60,87,121,146
Altrincham,156,0,105,184,194,201,175,38,72,87,60,177,166,103,36,85,229,164,160,79,152,106,61,161,53,116,243,85,169,90,106,159,146,99,128,183,85,217,103,168,198,139,96,289,108,109,55,127,45,100,291,155,39,10,134,288,290,169,49,87,230,228,236,92,66,126,126,100,168,150,195,60,279,285,39,59,45,101,67,270,130,204,79,122,71,20,95,89,147,131,92,109,84,226,96,185,82,41,56
Anchorage,52,105,0,109,118,126,103,87,47,38,99,75,61,6,69,58,130,87,65,36,69,13,103,56,52,23,148,74,94,83,34,80,57,8,31,91,26,120,4,64,105,50,10,186,29,10,122,32,92,8,188,58,79,95,44,184,189,75,66,20,136,133,143,17,114,33,37,11,66,50,101,110,175,181,91,51,60,5,121,172,33,110,42,29,34,85,15,42,62,33,17,17,65,130,9,86,52,74,106
Ashton Moss,81,184,109,0,11,18,8,149,113,147,139,126,96,115,154,99,166,22,55,110,40,98,143,87,139,86,75,103,16,102,141,29,53,108,80,40,109,61,113,109,44,60,117,142,135,115,165,77,146,116,139,62,145,176,65,145,132,47,134,112,63,62,67,125,149,76,72,103,119,72,158,150,143,150,150,128,146,108,155,105,77,50,107,80,127,168,105,150,47,79,125,123,100,65,111,137,102,143,149
Ashton West,86,194,118,11,0,8,19,160,123,156,150,130,100,124,165,110,167,32,61,120,49,107,153,92,149,95,66,113,26,112,149,38,61,117,88,42,119,56,122,113,41,68,126,135,144,124,176,86,157,125,131,68,156,187,74,138,123,52,145,122,56,55,58,134,160,85,82,113,124,78,161,161,138,144,161,138,157,117,166,96,86,47,118,89,138,179,115,159,56,88,134,131,111,59,121,140,112,154,159
Ashton-under-Lyne,94,201,126,18,8,0,26,166,130,164,155,137,108,131,172,116,173,39,68,128,56,114,159,99,156,103,66,119,33,118,157,46,69,124,96,48,127,59,129,120,46,76,134,135,151,131,181,94,163,133,131,75,162,194,81,139,123,59,152,129,56,56,58,142,164,93,89,120,131,86,168,165,139,146,167,145,164,125,171,96,93,51,125,97,145,186,123,167,63,95,142,139,117,61,128,147,119,160,165
Audenshaw,78,175,103,8,19,26,0,140,105,140,131,125,94,109,146,91,167,16,52,102,34,91,134,85,131,80,82,94,9,93,135,23,47,101,74,42,102,66,106,107,48,54,110,148,130,109,157,71,138,110,145,58,137,168,59,150,138,46,126,104,70,69,74,118,141,70,66,96,117,68,157,141,148,156,142,119,138,102,147,112,72,55,99,74,120,160,98,144,41,74,118,117,92,71,104,136,93,134,140
Baguley,132,38,87,149,160,166,140,0,43,84,26,162,146,87,32,50,216,130,132,53,121,83,28,139,40,91,212,48,135,53,100,126,116,80,103,153,62,187,86,150,167,110,80,263,100,94,37,101,10,84,264,128,8,34,106,263,262,139,20,67,199,197,205,80,38,100,99,79,152,125,185,32,255,262,5,35,36,82,42,241,105,174,50,97,56,32,73,87,116,106,80,96,49,196,78,172,49,13,26
Barlow Moor  Road,89,72,47,113,123,130,105,43,0,60,52,122,103,50,41,19,177,92,89,11,80,41,56,96,28,48,171,32,97,42,70,87,74,40,60,112,21,145,48,109,126,68,44,220,68,56,75,58,46,48,221,85,37,64,63,219,220,97,24,28,158,156,164,47,67,57,56,38,112,82,148,63,212,219,47,15,34,43,73,199,62,133,7,53,27,55,33,65,75,63,47,61,24,154,39,133,13,33,59
Barton Road,86,87,38,147,156,164,140,84,60,0,104,92,90,33,55,78,142,125,103,52,107,49,108,88,44,61,184,93,131,102,20,118,96,40,69,129,45,157,35,87,142,88,30,217,23,35,121,71,92,31,219,95,76,78,83,213,222,113,67,39,173,170,179,22,119,71,75,44,85,86,108,114,204,209,89,54,48,39,124,207,71,147,59,67,33,68,43,5,100,70,22,29,84,166,36,100,71,71,108
Benchill,138,60,99,139,150,155,131,26,52,104,0,173,153,101,57,48,228,123,133,63,117,92,4,145,60,98,208,38,127,38,119,120,115,91,109,151,73,185,99,160,164,111,95,264,117,107,26,106,17,98,264,130,32,59,107,264,261,139,37,79,195,193,200,96,15,104,102,89,164,129,199,12,258,265,23,51,59,94,22,237,110,172,58,102,73,58,84,108,114,112,96,111,44,193,90,184,51,35,9
Besses o'th' Barn,48,177,75,126,130,137,125,162,122,92,173,0,30,75,141,129,55,111,73,111,95,81,177,40,125,78,122,144,116,151,73,105,84,82,70,89,101,98,76,18,95,82,82,132,70,69,197,74,167,78,136,67,154,167,81,127,142,79,142,95,115,112,121,84,189,76,81,84,10,60,32,185,116,120,166,126,132,80,195,135,70,95,116,76,107,157,89,92,90,67,84,68,135,106,84,12,124,149,181
Bowker Vale,19,166,61,96,100,108,94,146,103,90,153,30,0,63,130,107,80,80,42,93,65,62,157,10,113,56,102,121,86,127,73,74,55,67,45,60,84,75,63,13,68,53,70,127,68,58,178,48,149,66,130,37,138,156,53,124,133,49,125,80,93,89,99,75,168,50,55,67,23,30,63,165,115,120,149,111,121,65,175,120,45,69,96,52,95,146,72,91,61,42,75,61,112,84,70,42,102,134,161
Broadway,56,103,6,115,124,131,109,87,50,33,101,75,63,0,67,62,129,93,70,38,75,19,105,59,51,29,153,78,100,87,28,86,63,11,36,96,29,125,3,65,110,56,7,189,23,6,123,38,93,3,191,63,79,94,50,187,193,80,67,22,141,138,147,13,116,39,42,16,66,54,99,112,178,183,92,52,58,9,123,176,39,114,45,35,32,83,19,36,68,38,12,12,68,135,11,85,56,75,107
Brooklands,120,36,69,154,165,172,146,32,41,55,57,141,130,67,0,58,194,133,126,45,120,70,60,125,18,81,209,65,139,72,73,128,112,63,93,150,50,183,67,132,164,105,60,254,74,73,68,92,42,64,255,121,26,26,100,252,255,135,25,52,197,194,203,57,70,92,92,65,133,115,161,64,244,250,37,26,9,65,74,236,95,171,47,87,35,16,59,58,114,96,57,74,60,192,60,151,54,23,58
Burton Road,90,85,58,99,110,116,91,50,19,78,48,129,107,62,58,0,184,80,85,26,71,49,52,98,47,51,163,16,85,25,86,76,68,51,61,104,35,138,60,114,118,63,57,217,83,68,74,59,49,61,216,82,46,78,59,216,214,91,35,42,150,147,155,62,62,57,54,47,119,81,157,60,210,217,52,33,52,54,69,192,62,125,20,55,46,70,44,83,67,65,62,74,6,147,52,140,7,44,57
Bury,98,229,130,166,167,173,167,216,177,142,228,55,80,129,194,184,0,155,119,165,142,136,232,90,179,133,137,199,160,206,123,150,133,137,124,126,156,121,130,70,127,132,136,117,121,123,251,127,222,132,124,115,208,219,132,110,134,122,196,150,134,132,139,138,244,129,134,139,65,110,36,240,97,98,221,181,186,134,250,138,124,123,171,130,161,209,144,141,139,121,138,121,189,125,139,44,179,204,236
Cemetery Road,63,164,87,22,32,39,16,130,92,125,123,111,80,93,133,80,155,0,38,89,18,75,127,71,117,64,85,85,7,86,119,7,31,85,58,35,87,65,90,93,45,38,95,147,114,93,149,55,128,94,145,44,126,156,43,149,140,33,114,90,73,71,77,103,134,54,50,81,103,53,143,134,146,153,132,107,125,86,141,115,56,52,86,58,105,147,83,128,25,58,103,101,82,72,89,122,82,123,132
Central Park,26,160,65,55,61,68,52,132,89,103,133,73,42,70,126,85,119,38,0,82,24,57,137,33,109,46,84,96,44,100,92,32,18,67,34,26,76,57,68,55,40,22,74,132,87,68,159,34,133,72,132,8,126,152,27,131,130,10,113,76,72,69,78,82,146,34,34,64,65,18,105,145,125,132,135,102,117,66,153,110,32,45,83,39,93,142,68,105,22,32,82,75,89,66,70,84,83,122,142
Chorlton,79,79,36,110,120,128,102,53,11,52,63,111,93,38,45,26,165,89,82,0,75,30,67,86,29,38,165,42,94,51,60,83,67,28,51,105,10,138,37,98,119,60,33,212,58,45,86,49,57,36,212,77,46,70,55,210,212,90,33,17,152,149,158,36,78,48,47,26,101,72,137,75,203,209,57,20,36,31,85,192,52,126,7,44,20,61,21,57,69,54,36,50,32,148,28,121,19,42,70
Clayton Hall,47,152,69,40,49,56,34,121,80,107,117,95,65,75,120,71,142,18,24,75,0,58,121,55,104,46,92,80,25,82,101,11,13,68,40,33,72,68,73,77,47,20,77,148,96,75,144,37,120,77,147,28,116,144,25,148,143,24,103,74,79,76,84,86,129,36,33,64,87,36,127,129,144,151,123,94,111,69,136,121,38,54,74,41,90,135,67,111,7,40,86,83,74,76,72,107,71,112,126
Cornbrook,50,106,13,98,107,114,91,83,41,49,92,81,62,19,70,49,136,75,57,30,58,0,97,55,53,12,141,65,82,73,47,69,47,10,23,83,22,114,16,67,97,39,19,183,42,22,116,23,87,20,185,51,76,97,34,182,185,67,63,19,129,126,135,28,108,23,26,6,71,44,109,104,174,180,87,49,61,11,114,167,25,102,35,19,36,87,11,53,51,26,28,30,55,123,14,92,43,72,100
Crossacres,142,61,103,143,153,159,134,28,56,108,4,177,157,105,60,52,232,127,137,67,121,97,0,149,64,102,211,41,130,41,122,124,119,95,113,154,77,188,103,164,168,115,98,268,121,111,23,110,18,102,267,134,34,59,111,268,264,142,41,83,199,197,204,100,11,108,106,93,168,133,204,8,262,269,24,55,62,98,18,241,114,175,62,106,77,59,88,112,118,116,100,115,48,197,94,188,55,38,6
Crumpsall,8,161,56,87,92,99,85,139,96,88,145,40,10,59,125,98,90,71,33,86,55,55,149,0,107,48,99,112,76,118,73,65,44,61,37,52,77,72,59,23,62,42,66,130,68,55,170,39,142,62,132,27,132,151,43,128,134,40,119,74,89,86,95,72,160,41,45,61,32,20,73,157,119,125,142,104,115,59,167,120,36,64,89,44,89,141,66,89,50,33,71,59,103,81,65,52,94,127,153
Dane Road,102,53,52,139,149,156,131,40,28,44,60,125,113,51,18,47,179,117,109,29,104,53,64,107,0,63,192,57,123,66,60,112,95,46,75,133,32,165,50,115,147,88,44,236,61,57,77,75,48,48,238,103,32,44,83,234,238,117,23,34,180,177,186,41,75,74,75,47,116,97,147,69,226,232,44,14,8,48,80,219,78,153,32,70,18,34,42,48,97,78,41,58,50,175,43,135,41,27,64
Deansgate/Castlefield,41,116,23,86,95,103,80,91,48,61,98,78,56,29,81,51,133,64,46,38,46,12,102,48,63,0,129,66,71,73,56,57,35,22,12,71,31,102,27,63,85,27,31,173,51,30,122,11,94,30,174,40,85,107,22,172,174,55,71,30,117,114,123,39,112,11,14,18,68,34,108,110,164,171,95,58,72,22,119,155,14,91,41,7,47,97,22,64,39,15,39,39,57,112,26,90,47,80,106
Derker,99,243,148,75,66,66,82,212,171,184,208,122,102,153,209,163,137,85,84,165,92,141,211,99,192,129,0,170,83,171,171,87,97,150,118,60,160,28,151,111,45,104,158,70,166,150,234,118,212,155,65,90,207,234,109,74,57,75,195,159,13,15,8,165,219,118,118,147,121,98,146,219,76,83,214,184,200,149,226,30,116,39,164,123,177,225,152,187,96,116,165,156,165,18,154,128,163,204,217
Didsbury Village,104,85,74,103,113,119,94,48,32,93,38,144,121,78,65,16,199,85,96,42,80,65,41,112,57,66,170,0,89,9,102,83,78,67,76,113,50,147,76,129,127,75,73,227,99,84,64,73,44,77,226,95,47,80,72,227,223,101,40,58,157,155,162,78,50,71,67,63,134,94,173,49,222,228,48,43,60,70,57,200,77,134,35,69,60,74,60,97,77,79,78,90,10,155,67,156,23,46,47
Droylsden,69,169,94,16,26,33,9,135,97,131,127,116,86,100,139,85,160,7,44,94,25,82,130,76,123,71,83,89,0,89,126,14,38,92,65,37,93,65,97,99,45,45,101,147,121,100,153,62,132,101,145,50,131,161,50,149,139,38,119,96,71,69,75,110,137,61,57,88,109,60,149,137,146,153,136,112,131,93,143,114,63,52,92,65,112,153,90,135,32,65,110,108,86,71,96,128,87,128,136
East Didsbury,110,90,83,102,112,118,93,53,42,102,38,151,127,87,72,25,206,86,100,51,82,73,41,118,66,73,171,9,89,0,111,84,82,76,82,115,59,149,85,136,128,79,82,230,108,92,64,79,47,85,229,99,53,86,77,230,225,105,47,67,159,156,163,86,48,77,73,72,142,100,181,48,225,232,52,52,69,78,55,201,83,136,44,76,69,81,68,106,80,85,87,99,19,157,76,163,31,52,47
Eccles,72,106,34,141,149,157,135,100,70,20,119,73,73,28,73,86,123,119,92,60,101,47,122,73,60,56,171,102,126,111,0,112,88,38,61,118,51,143,30,69,130,81,30,199,5,26,137,63,108,28,202,84,92,97,76,196,206,102,82,44,160,157,167,24,134,65,69,43,66,74,89,129,186,191,105,67,66,36,139,192,63,134,67,61,46,87,45,19,94,61,24,18,92,153,36,80,79,88,124
Edge Lane,57,159,80,29,38,46,23,126,87,118,120,105,74,86,128,76,150,7,32,83,11,69,124,65,112,57,87,83,14,84,112,0,24,79,51,33,81,66,84,87,45,31,88,147,107,87,147,49,125,88,146,38,122,151,36,149,141,29,110,84,75,73,80,96,132,47,44,74,97,47,137,132,145,152,128,102,120,79,139,117,49,52,81,52,100,143,77,122,18,51,96,94,78,73,83,116,77,119,130
Etihad Campus,36,146,57,53,61,69,47,116,74,96,115,84,55,63,112,68,133,31,18,67,13,47,119,44,95,35,97,78,38,82,88,24,0,57,27,38,63,72,61,66,52,8,66,149,83,63,142,25,116,65,149,19,110,137,13,149,146,24,98,64,85,82,91,74,128,24,22,53,75,25,117,127,143,150,118,87,103,57,135,125,25,59,67,29,81,128,57,99,6,27,74,71,72,81,61,96,67,107,124
Exchange Quay,57,99,8,108,117,124,101,80,40,40,91,82,67,11,63,51,137,85,67,28,68,10,95,61,46,22,150,67,92,76,38,79,57,0,32,92,19,123,9,70,106,49,10,191,34,17,114,33,84,11,192,60,72,90,44,189,193,76,59,13,138,135,144,18,107,33,36,5,73,53,108,103,180,186,84,44,54,3,113,175,35,112,34,28,28,80,8,43,61,34,18,24,57,133,4,93,45,67,98
Exchange Square,29,128,31,80,88,96,74,103,60,69,109,70,45,36,93,61,124,58,34,51,40,23,113,37,75,12,118,76,65,82,61,51,27,32,0,60,44,91,34,54,74,20,40,161,56,36,134,4,106,38,162,28,97,119,16,160,162,44,83,42,106,103,112,48,123,6,11,29,60,22,101,121,152,159,107,70,84,32,130,144,3,80,53,7,59,109,34,72,33,3,48,43,67,101,36,82,58,92,117
Failsworth,48,183,91,40,42,48,42,153,112,129,151,89,60,96,150,104,126,35,26,105,33,83,154,52,133,71,60,113,37,115,118,33,38,92,60,0,101,34,94,72,14,45,100,115,112,94,177,59,153,98,113,33,148,175,50,116,110,16,135,101,47,44,53,108,163,59,58,89,83,43,119,162,112,119,156,125,141,92,170,88,58,21,105,64,118,166,93,131,37,58,108,101,107,43,96,98,104,144,160
Firswood,72,85,26,109,119,127,102,62,21,45,73,101,84,29,50,35,156,87,76,10,72,22,77,77,32,31,160,50,93,59,51,81,63,19,44,101,0,133,27,88,115,56,23,205,49,35,96,43,66,27,206,71,54,76,51,203,206,85,41,7,148,145,153,27,88,42,42,17,91,65,127,84,195,202,66,27,40,22,95,186,46,121,16,38,18,66,12,50,66,47,27,40,41,143,18,112,28,50,80
Freehold,71,217,120,61,56,59,66,187,145,157,185,98,75,125,183,138,121,65,57,138,68,114,188,72,165,102,28,147,65,149,143,66,72,123,91,34,133,0,124,86,21,78,130,82,138,122,211,91,187,128,80,63,182,208,83,84,76,48,169,132,17,14,24,137,197,91,91,120,95,71,124,196,82,89,190,158,174,122,204,54,89,13,138,96,150,199,125,159,71,88,137,128,141,10,127,105,138,178,194
Harbour City,55,103,4,113,122,129,106,86,48,35,99,76,63,3,67,60,130,90,68,37,73,16,103,59,50,27,151,76,97,85,30,84,61,9,34,94,27,124,0,65,108,53,7,188,26,8,122,36,92,4,190,61,79,94,48,186,192,78,66,20,140,136,146,14,115,37,40,14,66,53,100,111,177,183,91,51,58,6,121,175,37,113,43,32,32,83,17,38,66,36,14,15,66,133,9,86,54,74,106
Heaton Park,31,168,64,109,113,120,107,150,109,87,160,18,13,65,132,114,70,93,55,98,77,67,164,23,115,63,111,129,99,136,69,87,66,70,54,72,88,86,65,0,80,64,72,130,65,59,184,57,154,68,134,50,143,158,63,127,138,62,130,83,103,100,109,75,175,59,64,71,10,42,50,172,116,122,154,115,123,68,181,128,54,81,102,60,97,148,77,88,73,51,75,60,120,94,73,30,109,138,167
Hollinwood,59,198,105,44,41,46,48,167,126,142,164,95,68,110,164,118,127,45,40,119,47,97,168,62,147,85,45,127,45,128,130,45,52,106,74,14,115,21,108,80,0,59,114,103,125,107,191,74,167,112,101,47,162,189,64,104,97,30,150,115,33,30,38,122,176,74,73,103,90,56,124,176,101,109,170,139,155,106,183,73,72,8,119,78,132,180,107,145,51,72,122,114,121,29,110,104,118,159,173
Holt Town,34,139,50,60,68,76,54,110,68,88,111,82,53,56,105,63,132,38,22,60,20,39,115,42,88,27,104,75,45,79,81,31,8,49,20,45,56,78,53,64,59,0,58,154,76,56,137,18,111,57,154,20,104,130,6,153,152,30,91,56,92,89,97,67,124,17,14,46,72,23,114,123,147,154,113,80,96,50,131,131,18,65,61,21,73,121,49,91,13,20,66,63,67,87,53,93,61,101,120
Imperial War Museum,62,96,10,117,126,134,110,80,44,30,95,82,70,7,60,57,136,95,74,33,77,19,98,66,44,31,158,73,101,82,30,88,66,10,40,100,23,130,7,72,114,58,0,195,26,13,116,41,86,4,197,67,72,87,53,193,199,84,60,16,146,143,152,8,110,42,45,14,73,59,105,106,184,190,85,45,51,9,116,182,42,119,39,37,25,76,15,34,70,42,8,17,63,140,7,92,51,68,101
Kingsway,134,289,186,142,135,135,148,263,220,217,264,132,127,189,254,217,117,147,132,212,148,183,268,130,236,173,70,227,147,230,199,147,149,191,161,115,205,82,188,130,103,154,195,0,195,184,290,162,265,192,8,135,257,280,158,8,22,126,244,202,79,80,78,201,277,164,165,189,136,139,141,276,20,22,266,231,244,189,284,45,159,95,213,167,219,270,194,217,150,158,201,188,220,77,194,131,215,253,273
Ladywell,67,108,29,135,144,151,130,100,68,23,117,70,68,23,74,83,121,114,87,58,96,42,121,68,61,51,166,99,121,108,5,107,83,34,56,112,49,138,26,65,125,76,26,195,0,21,137,58,107,24,198,79,92,99,71,191,201,97,81,41,155,152,161,22,133,60,64,39,62,69,87,128,181,187,105,66,66,32,138,187,58,129,65,56,45,89,41,23,89,56,22,13,89,148,33,78,77,87,123
Langworthy,52,109,10,115,124,131,109,94,56,35,107,69,58,6,73,68,123,93,68,45,75,22,111,55,57,30,150,84,100,92,26,87,63,17,36,94,35,122,8,59,107,56,13,184,21,0,129,38,99,9,187,61,86,99,50,182,189,78,74,28,138,135,145,17,123,39,43,21,59,52,92,119,173,178,98,58,64,14,129,173,38,112,51,35,39,89,24,37,68,37,17,8,74,132,17,79,61,81,114
Manchester Airport,163,55,122,165,176,181,157,37,75,121,26,197,178,123,68,74,251,149,159,86,144,116,23,170,77,122,234,64,153,64,137,147,142,114,134,177,96,211,122,184,191,137,116,290,137,129,0,132,30,120,290,156,45,58,133,290,287,165,56,102,222,219,226,116,17,130,127,113,187,155,221,15,284,291,32,71,73,117,13,264,135,198,82,127,92,62,107,125,140,137,116,132,70,219,113,207,77,50,17
Market Street,32,127,32,77,86,94,71,101,58,71,106,74,48,38,92,59,127,55,34,49,37,23,110,39,75,11,118,73,62,79,63,49,25,33,4,59,43,91,36,57,74,18,41,162,58,38,132,0,104,40,163,28,95,118,13,161,163,44,82,41,106,103,112,49,121,2,7,29,64,23,105,118,154,160,105,69,83,33,127,144,4,79,51,5,59,108,34,74,30,6,49,46,64,100,37,86,55,91,115
Martinscroft,135,45,92,146,157,163,138,10,46,92,17,167,149,93,42,49,222,128,133,57,120,87,18,142,48,94,212,44,132,47,108,125,116,84,106,153,66,187,92,154,167,111,86,265,107,99,30,104,0,90,265,130,16,42,107,264,263,140,26,72,199,196,204,86,28,102,100,83,157,127,191,22,257,264,6,41,44,87,33,240,107,174,53,99,62,41,78,96,116,109,86,102,46,196,83,177,50,20,17
Media CityUK,59,100,8,116,125,133,110,84,48,31,98,78,66,3,64,61,132,94,72,36,77,20,102,62,48,30,155,77,101,85,28,88,65,11,38,98,27,128,4,68,112,57,4,192,24,9,120,40,90,0,194,65,77,91,52,190,196,82,64,19,144,140,150,10,114,41,44,16,69,57,101,110,181,186,89,49,55,9,120,179,41,117,43,36,29,80,18,34,70,40,10,14,67,137,9,88,54,72,105
Milnrow,136,291,188,139,131,131,145,264,221,219,264,136,130,191,255,216,124,145,132,212,147,185,267,132,238,174,65,226,145,229,202,146,149,192,162,113,206,80,190,134,101,154,197,8,198,187,290,163,265,194,0,136,258,281,158,17,14,125,245,204,75,76,73,204,276,164,165,191,140,140,147,275,28,30,267,232,246,191,283,39,160,93,214,168,220,271,196,220,150,159,204,190,220,74,196,136,215,254,273
Monsall,19,155,58,62,68,75,58,128,85,95,130,67,37,63,121,82,115,44,8,77,28,51,134,27,103,40,90,95,50,99,84,38,19,60,28,33,71,63,61,50,47,20,67,135,79,61,156,28,130,65,136,0,122,146,23,134,135,18,109,70,78,75,84,75,144,29,30,57,59,11,100,142,128,134,131,97,111,59,151,116,26,52,78,33,87,137,62,98,24,26,75,68,87,72,64,79,80,118,139
Moor Road,125,39,79,145,156,162,137,8,37,76,32,154,138,79,26,46,208,126,126,46,116,76,34,132,32,85,207,47,131,53,92,122,110,72,97,148,54,182,79,143,162,104,72,257,92,86,45,95,16,77,258,122,0,33,100,256,256,134,13,59,195,192,200,72,44,94,92,71,145,118,177,39,249,255,13,28,28,75,49,235,98,169,44,90,48,29,66,80,111,100,72,88,46,191,70,164,45,5,33
Navigation Road,146,10,95,176,187,194,168,34,64,78,59,167,156,94,26,78,219,156,152,70,144,97,59,151,44,107,234,80,161,86,97,151,137,90,119,175,76,208,94,158,189,130,87,280,99,99,58,118,42,91,281,146,33,0,125,278,281,160,42,78,222,219,228,83,66,117,117,91,158,141,186,60,270,276,36,50,36,92,68,262,121,196,70,113,62,10,86,80,138,122,83,99,78,217,87,176,75,34,56
New Islington,34,134,44,65,74,81,59,106,63,83,107,81,53,50,100,59,132,43,27,55,25,34,111,43,83,22,109,72,50,77,76,36,13,44,16,50,51,83,48,63,64,6,53,158,71,50,133,13,107,52,158,23,100,125,0,157,157,35,87,51,97,94,103,61,121,11,9,40,71,23,112,119,151,157,109,75,91,44,128,136,14,71,56,16,68,116,44,86,18,16,61,58,64,92,48,93,57,96,116
Newbold,132,288,184,145,138,139,150,263,219,213,264,127,124,187,252,216,110,149,131,210,148,182,268,128,234,172,74,227,149,230,196,149,149,189,160,116,203,84,186,127,104,153,193,8,191,182,290,161,264,190,17,134,256,278,157,0,30,126,243,200,83,83,82,199,277,163,164,188,131,138,135,276,13,14,266,230,243,187,284,51,158,97,212,166,217,268,193,214,151,157,199,185,220,79,192,126,214,252,273
Newhey,137,290,189,132,123,123,138,262,220,222,261,142,133,193,255,214,134,140,130,212,143,185,264,134,238,174,57,223,139,225,206,141,146,193,162,110,206,76,192,138,97,152,199,22,201,189,287,163,263,196,14,135,256,281,157,30,0,123,243,204,68,70,65,205,273,164,164,191,145,140,155,272,41,44,265,232,246,192,280,28,160,89,213,168,221,271,196,223,147,159,205,193,217,68,197,143,213,253,270
Newton Heath & Moston,34,169,75,47,52,59,46,139,97,113,139,79,49,80,135,91,122,33,10,90,24,67,142,40,117,55,75,101,38,105,102,29,24,76,44,16,85,48,78,62,30,30,84,126,97,78,165,44,140,82,125,18,134,160,35,126,123,0,121,85,63,60,69,92,151,44,43,73,72,28,111,150,121,127,142,110,125,76,158,102,42,36,90,48,102,150,77,115,25,42,92,85,95,58,80,90,90,130,148
Northern Moor,112,49,66,134,145,152,126,20,24,67,37,142,125,67,25,35,196,114,113,33,103,63,41,119,23,71,195,40,119,47,82,110,98,59,83,135,41,169,66,130,150,91,60,244,81,74,56,82,26,64,245,109,13,42,87,243,243,121,0,47,182,179,188,60,52,81,79,59,132,105,166,47,236,242,24,15,23,62,57,223,85,156,31,77,37,35,53,71,98,87,60,77,36,178,57,152,33,9,42
Old Trafford,68,87,20,112,122,129,104,67,28,39,79,95,80,22,52,42,150,90,76,17,74,19,83,74,34,30,159,58,96,67,44,84,64,13,42,101,7,132,20,83,115,56,16,202,41,28,102,41,72,19,204,70,59,78,51,200,204,85,47,0,147,144,153,20,95,41,42,13,86,63,120,91,192,198,71,32,42,15,101,185,44,121,23,37,17,68,8,44,67,45,20,33,48,142,11,106,35,55,86
Oldham Central,88,230,136,63,56,56,70,199,158,173,195,115,93,141,197,150,134,73,72,152,79,129,199,89,180,117,13,157,71,159,160,75,85,138,106,47,148,17,140,103,33,92,146,79,155,138,222,106,199,144,75,78,195,222,97,83,68,63,182,147,0,3,6,153,207,106,105,135,112,87,140,206,83,90,202,172,188,138,213,43,104,27,152,111,164,213,140,175,84,104,153,145,153,9,142,122,150,191,205
Oldham King Street,85,228,133,62,55,56,69,197,156,170,193,112,89,138,194,147,132,71,69,149,76,126,197,86,177,114,15,155,69,156,157,73,82,135,103,44,145,14,136,100,30,89,143,80,152,135,219,103,196,140,76,75,192,219,94,83,70,60,179,144,3,0,10,150,204,103,102,132,109,84,137,204,83,90,199,169,185,134,211,45,101,24,149,108,161,210,137,172,81,101,150,141,150,7,139,118,147,188,202
Oldham Mumps,94,236,143,67,58,58,74,205,164,179,200,121,99,147,203,155,139,77,78,158,84,135,204,95,186,123,8,162,75,163,167,80,91,144,112,53,153,24,146,109,38,97,152,78,161,145,226,112,204,150,73,84,200,228,103,82,65,69,188,153,6,10,0,160,211,112,111,141,118,93,145,211,83,90,207,177,194,144,218,39,110,33,157,117,170,218,146,182,89,110,160,151,158,15,148,127,155,197,209
Parkway,68,92,17,125,134,142,118,80,47,22,96,84,75,13,57,62,138,103,82,36,86,28,100,72,41,39,165,78,110,86,24,96,74,18,48,108,27,137,14,75,122,67,8,201,22,17,116,49,86,10,204,75,72,83,61,199,205,92,60,20,153,150,160,0,111,50,53,22,76,67,106,107,190,195,84,45,48,17,117,189,50,127,43,45,24,72,22,26,79,50,0,17,68,147,14,94,55,67,102
Peel Hall,152,66,114,149,160,164,141,38,67,119,15,189,168,116,70,62,244,134,146,78,129,108,11,160,75,112,219,50,137,48,134,132,128,107,123,163,88,197,115,175,176,124,110,277,133,123,17,121,28,114,276,144,44,66,121,277,273,151,52,95,207,204,211,111,0,119,116,105,179,143,215,6,271,278,33,66,72,110,7,249,124,184,73,116,88,68,100,123,127,127,111,127,57,205,106,200,66,48,11
Piccadilly Gardens,34,126,33,76,85,93,70,100,57,71,104,76,50,39,92,57,129,54,34,48,36,23,108,41,74,11,118,71,61,77,65,47,24,33,6,59,42,91,37,59,74,17,42,164,60,39,130,2,102,41,164,29,94,117,11,163,164,44,81,41,106,103,112,50,119,0,5,30,66,25,107,116,155,162,103,68,82,33,126,144,6,79,50,5,58,108,34,75,29,9,50,47,62,101,37,88,53,90,113
Piccadilly Station,37,126,37,72,82,89,66,99,56,75,102,81,55,42,92,54,134,50,34,47,33,26,106,45,75,14,118,67,57,73,69,44,22,36,11,58,42,91,40,64,73,14,45,165,64,43,127,7,100,44,165,30,92,117,9,164,164,43,79,42,105,102,111,53,116,5,0,32,71,27,112,114,157,164,102,67,83,36,123,144,10,79,49,8,59,108,35,78,26,13,53,51,59,100,39,93,51,88,110
Pomona,55,100,11,103,113,120,96,79,38,44,89,84,67,16,65,47,139,81,64,26,64,6,93,61,47,18,147,63,88,72,43,74,53,5,29,89,17,120,14,71,103,46,14,189,39,21,113,29,83,16,191,57,71,91,40,188,191,73,59,13,135,132,141,22,105,30,32,0,74,51,111,101,179,185,83,44,55,7,111,173,32,109,32,25,30,81,5,48,57,32,22,28,53,130,8,95,41,67,97
Prestwich,40,168,66,119,124,131,117,152,112,85,164,10,23,66,133,119,65,103,65,101,87,71,168,32,116,68,121,134,109,142,66,97,75,73,60,83,91,95,66,10,90,72,73,136,62,59,187,64,157,69,140,59,145,158,71,131,145,72,132,86,112,109,118,76,179,66,71,74,0,51,41,175,121,125,157,117,124,70,185,136,61,91,106,66,98,148,80,85,82,58,76,59,125,104,75,22,114,140,171
Queens Road,11,150,50,72,78,86,68,125,82,86,129,60,30,54,115,81,110,53,18,72,36,44,133,20,97,34,98,94,60,100,74,47,25,53,22,43,65,71,53,42,56,23,59,139,69,52,155,23,127,57,140,11,118,141,23,138,140,28,105,63,87,84,93,67,143,25,27,51,51,0,92,141,131,137,128,92,105,52,150,123,20,60,75,28,80,131,55,89,31,19,67,58,86,80,56,71,78,114,138
Radcliffe,81,195,101,158,161,168,157,185,148,108,199,32,63,99,161,157,36,143,105,137,127,109,204,73,147,108,146,173,149,181,89,137,117,108,101,119,127,124,100,50,124,114,105,141,87,92,221,105,191,101,147,100,177,186,112,135,155,111,166,120,140,137,145,106,215,107,112,111,41,92,0,211,123,125,190,150,153,105,221,154,101,123,142,107,130,176,115,106,123,98,106,89,163,131,109,21,152,173,206
Robinswood Road,150,60,110,150,161,165,141,32,63,114,12,185,165,112,64,60,240,134,145,75,129,104,8,157,69,110,219,49,137,48,129,132,127,103,121,162,84,196,111,172,176,123,106,276,128,119,15,118,22,110,275,142,39,60,119,276,272,150,47,91,206,204,211,107,6,116,114,101,175,141,211,0,270,277,27,62,67,106,11,249,122,183,70,114,83,61,96,118,126,124,107,123,56,204,102,196,63,43,5
Rochdale Station,124,279,175,143,138,139,148,255,212,204,258,116,115,178,244,210,97,146,125,203,144,174,262,119,226,164,76,222,146,225,186,145,143,180,152,112,195,82,177,116,101,147,184,20,181,173,284,154,257,181,28,128,249,270,151,13,41,121,236,192,83,83,83,190,271,155,157,179,121,131,123,270,0,7,259,222,234,178,278,58,151,94,205,159,208,260,185,204,145,149,190,175,214,79,183,114,208,245,267
Rochdale Town Centre,130,285,181,150,144,146,156,262,219,209,265,120,120,183,250,217,98,153,132,209,151,180,269,125,232,171,83,228,153,232,191,152,150,186,159,119,202,89,183,122,109,154,190,22,187,178,291,160,264,186,30,134,255,276,157,14,44,127,242,198,90,90,90,195,278,162,164,185,125,137,125,277,7,0,265,229,240,184,285,63,157,101,212,165,214,266,191,209,152,155,195,181,221,86,189,118,214,251,273
Roundthorn,136,39,91,150,161,167,142,5,47,89,23,166,149,92,37,52,221,132,135,57,123,87,24,142,44,95,214,48,136,52,105,128,118,84,107,156,66,190,91,154,170,113,85,266,105,98,32,105,6,89,267,131,13,36,109,266,265,142,24,71,202,199,207,84,33,103,102,83,157,128,190,27,259,265,0,40,41,87,37,243,108,177,54,100,60,35,77,92,118,110,84,101,50,198,82,176,52,17,22
S Water Park,99,59,51,128,138,145,119,35,15,54,51,126,111,52,26,33,181,107,102,20,94,49,55,104,14,58,184,43,112,52,67,102,87,44,70,125,27,158,51,115,139,80,45,231,66,58,71,69,41,49,232,97,28,50,75,230,232,110,15,32,172,169,177,45,66,68,67,44,117,92,150,62,222,229,40,0,19,47,72,212,72,146,20,64,22,41,38,58,88,73,45,61,37,167,42,137,28,23,57
Sale,110,45,60,146,157,164,138,36,34,48,59,132,121,58,9,52,186,125,117,36,111,61,62,115,8,72,200,60,131,69,66,120,103,54,84,141,40,174,58,123,155,96,51,244,66,64,73,83,44,55,246,111,28,36,91,243,246,125,23,42,188,185,194,48,72,82,83,55,124,105,153,67,234,240,41,19,0,56,77,227,86,161,39,78,26,26,50,52,105,87,48,65,55,183,51,142,47,24,61
Salford Quays,55,101,5,108,117,125,102,82,43,39,94,80,65,9,65,54,134,86,66,31,69,11,98,59,48,22,149,70,93,78,36,79,57,3,32,92,22,122,6,68,106,50,9,189,32,14,117,33,87,9,191,59,75,92,44,187,192,76,62,15,138,134,144,17,110,33,36,7,70,52,105,106,178,184,87,47,56,0,116,174,34,111,37,28,30,82,11,42,62,34,17,21,60,132,5,90,48,70,101
Shadowmoss,159,67,121,155,166,171,147,42,73,124,22,195,175,123,74,69,250,141,153,85,136,114,18,167,80,119,226,57,143,55,139,139,135,113,130,170,95,204,121,181,183,131,116,284,138,129,13,127,33,120,283,151,49,68,128,284,280,158,57,101,213,211,218,117,7,126,123,111,185,150,221,11,278,285,37,72,77,116,0,256,131,190,80,123,94,70,106,128,133,133,117,133,64,212,112,206,73,53,16
Shaw & Crompton,121,270,172,105,96,96,112,241,199,207,237,135,120,176,236,192,138,115,110,192,121,167,241,120,219,155,30,200,114,201,192,117,125,175,144,88,186,54,175,128,73,131,182,45,187,173,264,144,240,179,39,116,235,262,136,51,28,102,223,185,43,45,39,189,249,144,144,173,136,123,154,249,58,63,243,212,227,174,256,0,141,66,192,149,202,252,178,209,125,141,189,178,195,45,179,139,191,232,247
Shudehill,28,130,33,77,86,93,72,105,62,71,110,70,45,39,95,62,124,56,32,52,38,25,114,36,78,14,116,77,63,83,63,49,25,35,3,58,46,89,37,54,72,18,42,159,58,38,135,4,107,41,160,26,98,121,14,158,160,42,85,44,104,101,110,50,124,6,10,32,61,20,101,122,151,157,108,72,86,34,131,141,0,77,55,8,61,111,36,75,31,3,50,46,68,98,38,82,59,94,118
South Chadderton,62,204,110,50,47,51,55,174,133,147,172,95,69,114,171,125,123,52,45,126,54,102,175,64,153,91,39,134,52,136,134,52,59,112,80,21,121,13,113,81,8,65,119,95,129,112,198,79,174,117,93,52,169,196,71,97,89,36,156,121,27,24,33,127,184,79,79,109,91,60,123,183,94,101,177,146,161,111,190,66,77,0,126,84,138,186,113,149,58,77,127,118,128,22,116,103,125,165,181
St Werburgh's Road,82,79,42,107,118,125,99,50,7,59,58,116,96,45,47,20,171,86,83,7,74,35,62,89,32,41,164,35,92,44,67,81,67,34,53,105,16,138,43,102,119,61,39,213,65,51,82,51,53,43,214,78,44,70,56,212,213,90,31,23,152,149,157,43,73,50,49,32,106,75,142,70,205,212,54,20,39,37,80,192,55,126,0,46,27,61,27,63,68,56,43,56,25,148,34,127,12,40,65
St. Peter's Square,36,122,29,80,89,97,74,97,53,67,102,76,52,35,87,55,130,58,39,44,41,19,106,44,70,7,123,69,65,76,61,52,29,28,7,64,38,96,32,60,78,21,37,167,56,35,127,5,99,36,168,33,90,113,16,166,168,48,77,37,111,108,117,45,116,5,8,25,66,28,107,114,159,165,100,64,78,28,123,149,8,84,46,0,54,103,29,70,33,10,45,43,60,105,32,88,51,86,110
Stretford,85,71,34,127,138,145,120,56,27,33,73,107,95,32,35,46,161,105,93,20,90,36,77,89,18,47,177,60,112,69,46,100,81,28,59,118,18,150,32,97,132,73,25,219,45,39,92,59,62,29,220,87,48,62,68,217,221,102,37,17,164,161,170,24,88,58,59,30,98,80,130,83,208,214,60,22,26,30,94,202,61,138,27,54,0,52,25,38,84,62,24,41,51,159,25,117,39,43,78
Timperley,136,20,85,168,179,186,160,32,55,68,58,157,146,83,16,70,209,147,142,61,135,87,59,141,34,97,225,74,153,81,87,143,128,80,109,166,66,199,83,148,180,121,76,270,89,89,62,108,41,80,271,137,29,10,116,268,271,150,35,68,213,210,218,72,68,108,108,81,148,131,176,61,260,266,35,41,26,82,70,252,111,186,61,103,52,0,76,71,129,112,73,89,71,208,76,166,67,28,56
Trafford Bar,61,95,15,105,115,123,98,73,33,43,84,89,72,19,59,44,144,83,68,21,67,11,88,66,42,22,152,60,90,68,45,77,57,8,34,93,12,125,17,77,107,49,15,194,41,24,107,34,78,18,196,62,66,86,44,193,196,77,53,8,140,137,146,22,100,34,35,5,80,55,115,96,185,191,77,38,50,11,106,178,36,113,27,29,25,76,0,47,60,37,22,31,50,134,8,100,37,61,91
Trafford Centre,88,89,42,150,159,167,144,87,65,5,108,92,91,36,58,83,141,128,105,57,111,53,112,89,48,64,187,97,135,106,19,122,99,43,72,131,50,159,38,88,145,91,34,217,23,37,125,74,96,34,220,98,80,80,86,214,223,115,71,44,175,172,182,26,123,75,78,48,85,89,106,118,204,209,92,58,52,42,128,209,75,149,63,70,38,71,47,0,104,73,26,31,88,168,40,99,76,75,112
Velopark,42,147,62,47,56,63,41,116,75,100,114,90,61,68,114,67,139,25,22,69,7,51,118,50,97,39,96,77,32,80,94,18,6,61,33,37,66,71,66,73,51,13,70,150,89,68,140,30,116,70,150,24,111,138,18,151,147,25,98,67,84,81,89,79,127,29,26,57,82,31,123,126,145,152,118,88,105,62,133,125,31,58,68,33,84,129,60,104,0,33,79,76,70,80,65,102,66,107,123
Victoria,26,131,33,79,88,95,74,106,63,70,112,67,42,38,96,65,121,58,32,54,40,26,116,33,78,15,116,79,65,85,61,51,27,34,3,58,47,88,36,51,72,20,42,158,56,37,137,6,109,40,159,26,100,122,16,157,159,42,87,45,104,101,110,50,127,9,13,32,58,19,98,124,149,155,110,73,87,34,133,141,3,77,56,10,62,112,37,73,33,0,50,44,70,98,38,79,61,96,120
Village,68,92,17,125,134,142,118,80,47,22,96,84,75,12,57,62,138,103,82,36,86,28,100,71,41,39,165,78,110,87,24,96,74,18,48,108,27,137,14,75,122,66,8,201,22,17,116,49,86,10,204,75,72,83,61,199,205,92,60,20,153,150,160,0,111,50,53,22,76,67,106,107,190,195,84,45,48,17,117,189,50,127,43,45,24,73,22,26,79,50,0,17,68,147,14,94,55,67,102
Weaste,57,109,17,123,131,139,117,96,61,29,111,68,61,12,74,74,121,101,75,50,83,30,115,59,58,39,156,90,108,99,18,94,71,24,43,101,40,128,15,60,114,63,17,188,13,8,132,46,102,14,190,68,88,99,58,185,193,85,77,33,145,141,151,17,127,47,51,28,59,58,89,123,175,181,101,61,65,21,133,178,46,118,56,43,41,89,31,31,76,44,17,0,80,138,23,77,68,84,118
West Didsbury,96,84,65,100,111,117,92,49,24,84,44,135,112,68,60,6,189,82,89,32,74,55,48,103,50,57,165,10,86,19,92,78,72,57,67,107,41,141,66,120,121,67,63,220,89,74,70,64,46,67,220,87,46,78,64,220,217,95,36,48,153,150,158,68,57,62,59,53,125,86,163,56,214,221,50,37,55,60,64,195,68,128,25,60,51,71,50,88,70,70,68,80,0,150,58,146,13,44,53
Westwood,81,226,130,65,59,61,71,196,154,166,193,106,84,135,192,147,125,72,66,148,76,123,197,81,175,112,18,155,71,157,153,73,81,133,101,43,143,10,133,94,29,87,140,77,148,132,219,100,196,137,74,72,191,217,92,79,68,58,178,142,9,7,15,147,205,101,100,130,104,80,131,204,79,86,198,167,183,132,212,45,98,22,148,105,159,208,134,168,80,98,147,138,150,0,136,112,147,187,202
Wharfside,60,96,9,111,121,128,104,78,39,36,90,84,70,11,60,52,139,89,70,28,72,14,94,65,43,26,154,67,96,76,36,83,61,4,36,96,18,127,9,73,110,53,7,194,33,17,113,37,83,9,196,64,70,87,48,192,197,80,57,11,142,139,148,14,106,37,39,8,75,56,109,102,183,189,82,42,51,5,112,179,38,116,34,32,25,76,8,40,65,38,14,23,58,136,0,95,45,65,97
Whitefield,60,185,86,137,140,147,136,172,133,100,184,12,42,85,151,140,44,122,84,121,107,92,188,52,135,90,128,156,128,163,80,116,96,93,82,98,112,105,86,30,104,93,92,131,78,79,207,86,177,88,136,79,164,176,93,126,143,90,152,106,122,118,127,94,200,88,93,95,22,71,21,196,114,118,176,137,142,90,206,139,82,103,127,88,117,166,100,99,102,79,94,77,146,112,95,0,135,160,192
Withington,87,82,52,102,112,119,93,49,13,71,51,124,102,56,54,7,179,82,83,19,71,43,55,94,41,47,163,23,87,31,79,77,67,45,58,104,28,138,54,109,118,61,51,215,77,61,77,55,50,54,215,80,45,75,57,214,213,90,33,35,150,147,155,55,66,53,51,41,114,78,152,63,208,214,52,28,47,48,73,191,59,125,12,51,39,67,37,76,66,61,55,68,13,147,45,135,0,41,59
Wythenshawe Park,121,41,74,143,154,160,134,13,33,71,35,149,134,75,23,44,204,123,122,42,112,72,38,127,27,80,204,46,128,52,88,119,107,67,92,144,50,178,74,138,159,101,68,253,87,81,50,91,20,72,254,118,5,34,96,252,253,130,9,55,191,188,197,67,48,90,88,67,140,114,173,43,245,251,17,23,24,70,53,232,94,165,40,86,43,28,61,75,107,96,67,84,44,187,65,160,41,0,37
Wythenshawe Town Centre,146,56,106,149,159,165,140,26,59,108,9,181,161,107,58,57,236,132,142,70,126,100,6,153,64,106,217,47,136,47,124,130,124,98,117,160,80,194,106,167,173,120,101,273,123,114,17,115,17,105,273,139,33,56,116,273,270,148,42,86,205,202,209,102,11,113,110,97,171,138,206,5,267,273,22,57,61,101,16,247,118,181,65,110,78,56,91,112,123,120,102,118,53,202,97,192,59,37,0
